分层维度,分层,模型,预测步长/小时,RMSE,MAE,R2,样本数
时段,夜间,季节朴素,2,0.8796417029378752,0.25713503649635033,0.002390462916019076,548
时段,夜间,机理专家,2,0.9331393359330301,0.37501329484496376,-0.12264375675540551,548
时段,夜间,LightGBM,2,0.8843630014380104,0.3882718197705619,-0.008347209965409164,548
时段,夜间,GRU,2,0.9033423959070671,0.389819876552172,-0.05209209451305563,548
时段,夜间,MoE,2,0.8619290289224594,0.3407130474298105,0.042162168742859496,548
时段,夜间,季节朴素,4,0.8828619487712875,0.25871323529411766,0.001083679556172723,544
时段,夜间,机理专家,4,0.9365400856802948,0.37723103350079984,-0.12407749211738173,544
时段,夜间,LightGBM,4,0.8919599664943892,0.39002940578763345,-0.019610350311636493,544
时段,夜间,GRU,4,0.9090274946621614,0.3947092811352409,-0.059003873848384014,544
时段,夜间,MoE,4,0.8701194308452236,0.33316197790534174,0.02971069462323339,544
时段,07:00--19:00,季节朴素,6,0.8122158674789697,0.24989743589743588,-0.032854840814522834,780
时段,07:00--19:00,机理专家,6,0.8635392652363978,0.3850319876806614,-0.16750978633991598,780
时段,07:00--19:00,LightGBM,6,0.8359635345278265,0.41287049575219537,-0.09413526793838112,780
时段,07:00--19:00,GRU,6,0.8431716936035986,0.3879524017564761,-0.11308514451564866,780
时段,07:00--19:00,MoE,6,0.8115244228064443,0.34558165399539165,-0.031097037204969258,780
时段,07:00--19:00,季节朴素,8,0.812207580515076,0.2498589743589744,-0.03344249804798527,780
时段,07:00--19:00,机理专家,8,0.8640923849268118,0.38634811299194793,-0.1696948977500783,780
时段,07:00--19:00,LightGBM,8,0.8498579914884552,0.40293981463153045,-0.13147500630587938,780
时段,07:00--19:00,GRU,8,0.8342598442159349,0.3757919733703901,-0.09032236340315425,780
时段,07:00--19:00,MoE,8,0.818056446489842,0.3418544428302691,-0.04838013345991765,780
时段,07:00--19:00,季节朴素,10,0.8142694847619141,0.25074742268041234,-0.034470669711747615,776
时段,07:00--19:00,机理专家,10,0.8661864017550552,0.38750185227537304,-0.17058939497508785,776
时段,07:00--19:00,LightGBM,10,0.8696780014394389,0.4300079537019471,-0.1800457137774747,776
时段,07:00--19:00,GRU,10,0.8432641213680243,0.3915501678735018,-0.10945350787082275,776
时段,07:00--19:00,MoE,10,0.8261566569666395,0.3492478182174496,-0.06489472475357161,776
时段,07:00--19:00,季节朴素,12,0.8163494502175318,0.2517098445595855,-0.03550208714139225,772
时段,07:00--19:00,机理专家,12,0.8682923619290706,0.38863555871310607,-0.1714688117497094,772
时段,07:00--19:00,LightGBM,12,0.8453909852377922,0.4258331974842398,-0.11048831804942227,772
时段,07:00--19:00,GRU,12,0.8372966804675183,0.38311417067684045,-0.08932509382586984,772
时段,07:00--19:00,MoE,12,0.810849494273284,0.345608007703266,-0.021596202126474617,772
时段,07:00--19:00,季节朴素,4,0.8142971005973416,0.25094072164948455,-0.033378269682841966,776
时段,07:00--19:00,机理专家,4,0.8651466060699216,0.3850296726744521,-0.1664683639956297,776
时段,07:00--19:00,LightGBM,4,0.8185299032949414,0.39407970168356415,-0.04414941158343866,776
时段,07:00--19:00,GRU,4,0.8344042137493345,0.3898925151871806,-0.08504193972162621,776
时段,07:00--19:00,MoE,4,0.7944055658023205,0.33302959137740207,0.01649152995474834,776
时段,07:00--19:00,季节朴素,2,0.8163821364692604,0.2518652849740933,-0.03386910887114092,772
时段,07:00--19:00,机理专家,2,0.8667572688905967,0.38504308214121735,-0.16539609278228995,772
时段,07:00--19:00,LightGBM,2,0.8090797196139806,0.3920034539877237,-0.015456218128766963,772
时段,07:00--19:00,GRU,2,0.8355975235540253,0.3964657726216038,-0.08311073723060791,772
时段,07:00--19:00,MoE,2,0.7854460364710094,0.3393703159396513,0.04300145440409997,772
时段,夜间,季节朴素,12,0.8811429828378478,0.26056569343065694,-0.002304117270937489,548
时段,夜间,机理专家,12,0.9338064263026232,0.3773930778278468,-0.1256942742561986,548
时段,夜间,LightGBM,12,0.9027088826832572,0.4167395325178061,-0.051967135653395946,548
时段,夜间,GRU,12,0.893648643242822,0.3667905305565274,-0.030956499917715874,548
时段,夜间,MoE,12,0.8700612804116323,0.3361175569968067,0.022748322703095902,548
时段,夜间,季节朴素,10,0.8835615802967389,0.2602389705882353,-0.0011666510014927134,544
时段,夜间,机理专家,10,0.9368679824348797,0.37833202929073034,-0.1256140943937012,544
时段,夜间,LightGBM,10,0.9355733332471842,0.4232794093301077,-0.1225052925078467,544
时段,夜间,GRU,10,0.9185789498269025,0.38902871959568824,-0.08209578654958483,544
时段,夜间,MoE,10,0.8971039509017987,0.3444178871174946,-0.03209165574417283,544
时段,夜间,季节朴素,8,0.8861163705869688,0.26037037037037036,-0.00026683207629241146,540
时段,夜间,机理专家,8,0.9399559747805757,0.3792756825710875,-0.1255100409200285,540
时段,夜间,LightGBM,8,0.9260656816061621,0.3989712158166349,-0.09249115314728229,540
时段,夜间,GRU,8,0.9170946046011403,0.3818934878789716,-0.0714270953849554,540
时段,夜间,MoE,8,0.8945819168171923,0.34255625503261883,-0.019470300469295987,540
时段,夜间,季节朴素,6,0.8861163705869688,0.26037037037037036,-0.00026683207629241146,540
时段,夜间,机理专家,6,0.9399559747805757,0.3792756825710875,-0.1255100409200285,540
时段,夜间,LightGBM,6,0.9145470930352263,0.41353081493056226,-0.06548292794632826,540
时段,夜间,GRU,6,0.9294951926880771,0.39528466628547065,-0.10059780953690911,540
时段,夜间,MoE,6,0.8921020160205471,0.34741359521834936,-0.013825918598945774,540
工作日,工作日,季节朴素,2,0.8413160754755036,0.2563694267515923,0.03351762790179913,942
工作日,工作日,机理专家,2,0.9316028480395299,0.4149064986672465,-0.18505137295992302,942
工作日,工作日,LightGBM,2,0.8624201482925862,0.4127580198576001,-0.0155781557548762,942
工作日,工作日,GRU,2,0.8987392136304344,0.429442044601572,-0.10291728985434223,942
工作日,工作日,MoE,2,0.8451580297611643,0.37130176729900316,0.0246703955547104,942
工作日,工作日,季节朴素,4,0.8413201763097196,0.25640127388535033,0.033189444432495274,942
工作日,工作日,机理专家,4,0.9320240276862464,0.41601392476238214,-0.1865143425763398,942
工作日,工作日,LightGBM,4,0.8749847658202035,0.4173421705819597,-0.04573046011755766,942
工作日,工作日,GRU,4,0.898741716179263,0.4247236085747964,-0.10328719054303437,942
工作日,工作日,MoE,4,0.8557849536299555,0.36560576345890194,-0.000340997190839909,942
工作日,工作日,季节朴素,6,0.841321816637809,0.2564437367303609,0.03287944474888438,942
工作日,工作日,机理专家,6,0.9324244153570026,0.41703699333238303,-0.1879101302242827,942
工作日,工作日,LightGBM,6,0.894848931389967,0.43903828374513243,-0.09409682991341395,942
工作日,工作日,GRU,6,0.9121407509390927,0.42350665601765275,-0.13678943731388316,942
工作日,工作日,MoE,6,0.8759375447109766,0.37848193463942553,-0.04834105833097002,942
工作日,工作日,季节朴素,8,0.8413142458660973,0.256380042462845,0.03264357313729138,942
工作日,工作日,机理专家,8,0.9328071886825301,0.41795506261087606,-0.18919699831731274,942
工作日,工作日,LightGBM,8,0.9086154745746995,0.4280774906552252,-0.1283148230431439,942
工作日,工作日,GRU,8,0.8965862309603442,0.4075754054678474,-0.09863685990438698,942
工作日,工作日,MoE,8,0.8796020500205076,0.3735723050846668,-0.0574077799039685,942
工作日,工作日,季节朴素,10,0.8417171055496894,0.2570063694267516,0.03166339352093284,942
工作日,工作日,机理专家,10,0.9328808615892095,0.41815817872417566,-0.18945060272519143,942
工作日,工作日,LightGBM,10,0.9239969413123329,0.45494651996912083,-0.16690395283177728,942
工作日,工作日,GRU,10,0.9057261467578561,0.42466629003421774,-0.12121230232536373,942
工作日,工作日,MoE,10,0.8873577399783795,0.3826350696944887,-0.07619638130192397,942
工作日,工作日,季节朴素,12,0.8421213482512286,0.2576857749469214,0.03068713941859247,942
工作日,工作日,机理专家,12,0.9329516289150205,0.4183529027481181,-0.18968743640755248,942
工作日,工作日,LightGBM,12,0.8902408134237725,0.44437766960289743,-0.08325230609967504,942
工作日,工作日,GRU,12,0.8853956600754662,0.4025118318389935,-0.07149314866245904,942
工作日,工作日,MoE,12,0.8607542190498303,0.3714725926999327,-0.012681650795065336,942
工作日,周末,季节朴素,12,0.8481522088117023,0.24965608465608466,-0.18769251104032092,378
工作日,周末,机理专家,12,0.7967735107155776,0.2982794274800281,-0.04815665867800223,378
工作日,周末,LightGBM,12,0.8160615685398477,0.3664357870678875,-0.09951782571972179,378
工作日,周末,GRU,12,0.7974862539774004,0.3111090077120791,-0.05003272690831717,378
工作日,周末,MoE,12,0.7706350900013369,0.26739317687257885,0.01948558312916926,378
工作日,周末,季节朴素,10,0.8479825108009826,0.2488095238095238,-0.1864799688547587,378
工作日,周末,机理专家,10,0.7966625806172349,0.2979075580467549,-0.04721404321815692,378
工作日,周末,LightGBM,10,0.8274872031647801,0.3581760553898879,-0.12981982884332433,378
工作日,周末,GRU,10,0.7936076962218712,0.305393937877404,-0.03919814227303586,378
工作日,周末,MoE,10,0.772752642488042,0.2590936557578032,0.014701962715625294,378
工作日,周末,季节朴素,8,0.8479726834973353,0.2486243386243386,-0.1857086403035031,378
工作日,周末,机理专家,8,0.7965350869556742,0.29747811572132676,-0.046222564013547185,378
工作日,周末,LightGBM,8,0.8112406751391817,0.3346257030591388,-0.08520977220987258,378
工作日,周末,GRU,8,0.7964919226489605,0.3053020918858114,-0.04610917729955166,378
工作日,周末,MoE,8,0.7720532782369188,0.26381410512028547,0.0171012041197659,378
工作日,周末,季节朴素,6,0.8479703436463469,0.2485449735449735,-0.18497130921647909,378
工作日,周末,机理专家,6,0.7964141725837401,0.29705018851904347,-0.04526032812699099,378
工作日,周末,LightGBM,6,0.8008502916833522,0.3486020197388923,-0.05693720053481144,378
工作日,周末,GRU,6,0.7923684223230071,0.30982360633750444,-0.03466754570366026,378
工作日,周末,MoE,6,0.7640704775479508,0.2662091246136913,0.03791521436602063,378
工作日,周末,季节朴素,4,0.8479698756753745,0.2485185185185185,-0.18424241079488124,378
工作日,周末,机理专家,4,0.796287388265433,0.2965915108297515,-0.044285954156850105,378
工作日,周末,LightGBM,4,0.7826185544179624,0.3302791549383924,-0.008741857128073294,378
工作日,周末,GRU,4,0.7781930214824311,0.31002328424699727,0.0026343061463490747,378
工作日,周末,MoE,4,0.7483568319381995,0.2520382267489004,0.07764688759959071,378
工作日,周末,季节朴素,2,0.8479488167143084,0.24828042328042327,-0.18354741013709042,378
工作日,周末,机理专家,2,0.7961595697265343,0.29608101387172936,-0.043389883921816974,378
工作日,周末,LightGBM,2,0.7856494551957829,0.3348718756797125,-0.016024100837574995,378
工作日,周末,GRU,2,0.7720783471846019,0.30465201798885594,0.018773817194781328,378
工作日,周末,MoE,2,0.7462860044778085,0.2617417171991691,0.08323721187416588,378
季节,雨季,季节朴素,2,1.1754258415956784,0.43107575757575756,-0.11855096179120905,660
季节,雨季,机理专家,2,1.2410599590123887,0.583436591223581,-0.24695515427825732,660
季节,雨季,LightGBM,2,1.1553968171587672,0.5963542097914389,-0.08075596310515443,660
季节,雨季,GRU,2,1.1817709820470907,0.5744088628337238,-0.130659797694479,660
季节,雨季,MoE,2,1.1321997411080649,0.516711983356512,-0.03779460642120647,660
季节,雨季,季节朴素,4,1.1754377005519212,0.43125757575757573,-0.11909999181177722,660
季节,雨季,机理专家,4,1.2413093706768743,0.5845682054937829,-0.2480435161329646,660
季节,雨季,LightGBM,4,1.1638083708786404,0.5753599070405863,-0.09706564140595231,660
季节,雨季,GRU,4,1.1774504825073426,0.5574280525495608,-0.12293589536827687,660
季节,雨季,MoE,4,1.1435188248823787,0.5008021427456176,-0.059147139147292194,660
季节,雨季,季节朴素,6,1.175435444781416,0.43124242424242415,-0.11960168537268467,660
季节,雨季,机理专家,6,1.2415244324714203,0.5855545738431078,-0.24904049760648284,660
季节,雨季,LightGBM,6,1.1813069931450504,0.5730758979814464,-0.13081491570604942,660
季节,雨季,GRU,6,1.1973223141859228,0.565057135463664,-0.1616843302494737,660
季节,雨季,MoE,6,1.1704525902682121,0.5240434536672,-0.11012947214800195,660
季节,雨季,季节朴素,8,1.175433897964853,0.43124242424242415,-0.12007504679013703,660
季节,雨季,机理专家,8,1.2417202100391962,0.5864577830856365,-0.24996599802135444,660
季节,雨季,LightGBM,8,1.205187834292843,0.5832036721806495,-0.1774979998754267,660
季节,雨季,GRU,8,1.1827270410237265,0.5478040240551486,-0.13401748966912974,660
季节,雨季,MoE,8,1.178166410172787,0.5257945525853922,-0.12528874060983997,660
季节,雨季,季节朴素,10,1.1754235213511148,0.43113636363636365,-0.12033855707216157,660
季节,雨季,机理专家,10,1.2418485807891977,0.5871261357850027,-0.25054066640095196,660
季节,雨季,LightGBM,10,1.2118817564634836,0.5806694576044058,-0.19091570885489717,660
季节,雨季,GRU,10,1.188888863572653,0.5497349136295643,-0.14615419023411458,660
季节,雨季,MoE,10,1.1857516945739022,0.5281721580245278,-0.14011336426409815,660
季节,雨季,季节朴素,12,1.1754782392324796,0.4314545454545454,-0.1207134048156615,660
季节,雨季,机理专家,12,1.241972791570384,0.5877806486706294,-0.25109285075375976,660
季节,雨季,LightGBM,12,1.1761874022118333,0.5775895245630186,-0.12206605971220164,660
季节,雨季,GRU,12,1.173274812307201,0.5434690712988377,-0.11651580155576169,660
季节,雨季,MoE,12,1.1561188990504656,0.5136233749380618,-0.08410258584941377,660
季节,旱季,季节朴素,2,0.20103896803024696,0.07703030303030303,0.36819709483060714,660
季节,旱季,机理专家,2,0.24801577004552786,0.17832181027347951,0.03843262772672784,660
季节,旱季,LightGBM,2,0.2830755928219531,0.1845543109855165,-0.25263913837010743,660
季节,旱季,GRU,2,0.3125332385158046,0.2130045747639555,-0.526910390315322,660
季节,旱季,MoE,2,0.23788590606329976,0.16314352254795306,0.115376340247482,660
季节,旱季,季节朴素,4,0.20104499722472804,0.07703030303030302,0.37229134048666157,660
季节,旱季,机理专家,4,0.2492580249717195,0.17906317059683818,0.03512761326989455,660
季节,旱季,LightGBM,4,0.2984266515617516,0.20946107061838096,-0.3830783741367305,660
季节,旱季,GRU,4,0.33660893361419064,0.22632716066683783,-0.7596360652806253,660
季节,旱季,MoE,4,0.24166591591264625,0.1653661586019126,0.09301023963160227,660
季节,旱季,季节朴素,6,0.20106911219475723,0.07712121212121212,0.37657071732610603,660
季节,旱季,机理专家,6,0.2505528149618268,0.17979969733765463,0.03195610700154505,660
季节,旱季,LightGBM,6,0.3387241489107698,0.25320535466888083,-0.7692483414364832,660
季节,旱季,GRU,6,0.33689280979078434,0.21684679357301107,-0.7501688940539517,660
季节,旱季,MoE,6,0.2439256016824142,0.16861871532418513,0.08248907003022976,660
季节,旱季,季节朴素,8,0.20103859119958822,0.07707575757575758,0.38129002856872507,660
季节,旱季,机理专家,8,0.2518330392910516,0.18045190891755555,0.029146580376786302,660
季节,旱季,LightGBM,8,0.32057984662656686,0.21942892168840586,-0.5732606650921523,660
季节,旱季,GRU,8,0.3344126702914602,0.2087720709199255,-0.7119603358107691,660
季节,旱季,MoE,8,0.23997477287486849,0.15848854305888668,0.1184246676596441,660
季节,旱季,季节朴素,10,0.20351457396997844,0.0781818181818182,0.36516714456226285,660
季节,旱季,机理专家,10,0.2518205224481022,0.18031941163900755,0.028035045057496766,660
季节,旱季,LightGBM,10,0.3769246486424345,0.27380049807482076,-1.1775966634828334,660
季节,旱季,GRU,10,0.3436613908705053,0.23128713747633228,-0.8102137191756698,660
季节,旱季,MoE,10,0.2446119359542661,0.1663424442916205,0.08288529971767855,660
季节,旱季,季节朴素,12,0.205975506046008,0.07931818181818182,0.3489095874190514,660
季节,旱季,机理专家,12,0.2517831417606672,0.180155802808428,0.027110670658668456,660
季节,旱季,LightGBM,12,0.35937340330607276,0.26652637282727054,-0.981992506788085,660
季节,旱季,GRU,12,0.3264157371103504,0.20920570219737114,-0.6351301283089403,660
季节,旱季,MoE,12,0.2469468198514257,0.16971269048795556,0.0641267828696388,660
工况,平稳工况,季节朴素,2,0.8142063698340172,0.24247226624405704,0.03322021230795247,1262
工况,平稳工况,机理专家,2,0.8861785563172204,0.3772947711750732,-0.14525196156141362,1262
工况,平稳工况,LightGBM,2,0.835208721514635,0.3901100831692769,-0.01729898725948087,1262
工况,平稳工况,GRU,2,0.856458794224674,0.3907755721878798,-0.0697234515134495,1262
工况,平稳工况,MoE,2,0.8111781503912932,0.33765213654932996,0.0403981888307926,1262
工况,平稳工况,季节朴素,4,0.8194613340307607,0.24473058637083991,-0.01755980666435608,1262
工况,平稳工况,机理专家,4,0.8708818811224346,0.3749778365453436,-0.14926854790505706,1262
工况,平稳工况,LightGBM,4,0.8279965400073117,0.3884815469783202,-0.038867249696791006,1262
工况,平稳工况,GRU,4,0.8422623290836634,0.38484756124095193,-0.07497351728948454,1262
工况,平稳工况,MoE,4,0.8035181290975439,0.32718182381000455,0.021649725846268786,1262
工况,平稳工况,季节朴素,6,0.8088075000318465,0.2426148969889065,0.005158720227881108,1262
工况,平稳工况,机理专家,6,0.8697167726527618,0.3754144301574502,-0.15032126724015482,1262
工况,平稳工况,LightGBM,6,0.8456995399812374,0.4084259236623586,-0.08766623482851688,1262
工况,平稳工况,GRU,6,0.8550502462170463,0.3841977524837677,-0.1118513575954585,1262
工况,平稳工况,MoE,6,0.8211787444358333,0.3400220821918285,-0.025507537701267236,1262
工况,平稳工况,季节朴素,8,0.8307499046767588,0.2477892234548336,-0.04262819022018527,1262
工况,平稳工况,机理专家,8,0.8730458453252438,0.376900780210621,-0.15149740269567902,1262
工况,平稳工况,LightGBM,8,0.8610839099191329,0.3968952040421275,-0.12015935725780569,1262
工况,平稳工况,GRU,8,0.8468722968878748,0.37203689276510865,-0.08348952129176745,1262
工况,平稳工况,MoE,8,0.8282322309799166,0.3359682209966867,-0.036318180693288626,1262
工况,平稳工况,季节朴素,10,0.8235272596490677,0.24586370839936605,-0.0280362502571605,1262
工况,平稳工况,机理专家,10,0.8718594979790638,0.3766297921187157,-0.15224670882356794,1262
工况,平稳工况,LightGBM,10,0.8758102660912453,0.42252122505358825,-0.1627130137322066,1262
工况,平稳工况,GRU,10,0.850988078320265,0.38344084364345826,-0.0977398296572789,1262
工况,平稳工况,MoE,10,0.8325867918741783,0.34046553689732606,-0.05077928874390092,1262
工况,平稳工况,季节朴素,12,0.8205156181062369,0.24601426307448496,-0.02042339236083346,1262
工况,平稳工况,机理专家,12,0.8721529249981234,0.37723889049833825,-0.15290091829760177,1262
工况,平稳工况,LightGBM,12,0.8492888173580829,0.4174959727942097,-0.09324503402744555,1262
工况,平稳工况,GRU,12,0.8385959626624643,0.3694869213568994,-0.06588962806946186,1262
工况,平稳工况,MoE,12,0.8139297065562711,0.3350374480434907,-0.004108170167172576,1262
工况,原水突变,季节朴素,2,1.1284059553192725,0.47235294117647064,-0.2573838696472541,17
工况,原水突变,机理专家,2,1.1490122190482297,0.6020339821906397,-0.3037263400851147,17
工况,原水突变,LightGBM,2,1.025483668595983,0.5808795524926604,-0.03847164394161795,17
工况,原水突变,GRU,2,1.096536077348627,0.5437101723516689,-0.1873615897997596,17
工况,原水突变,MoE,2,1.0062073524252264,0.5199434656606002,0.00020233423989246546,17
工况,原水突变,季节朴素,4,1.2313550641945836,0.5423529411764705,-0.4598361169116205,17
工况,原水突变,机理专家,4,1.1773298519669697,0.6311958034060161,-0.3345468186055933,17
工况,原水突变,LightGBM,4,1.058539892825211,0.5900460568749922,-0.07882738458354366,17
工况,原水突变,GRU,4,1.1415345526106975,0.6007414826224832,-0.25462987700901474,17
工况,原水突变,MoE,4,1.0446123692649234,0.534945403617971,-0.050625240981129194,17
工况,原水突变,季节朴素,6,1.6854707842931846,0.6752941176470589,-1.5457954717411742,17
工况,原水突变,机理专家,6,1.2312591500570798,0.6814298759914942,-0.3585636606211924,17
工况,原水突变,LightGBM,6,1.1296488481775777,0.6368191532683077,-0.14358376043007826,17
工况,原水突变,GRU,6,1.1852448657271706,0.623377392502392,-0.2589173451697373,17
工况,原水突变,MoE,6,1.1234752015391636,0.6007160045469507,-0.13111831151820685,17
工况,原水突变,季节朴素,8,0.9025421613094741,0.39235294117647057,0.18607104331470914,17
工况,原水突变,机理专家,8,1.1654382048962333,0.6524089898436877,-0.357156727214752,17
工况,原水突变,LightGBM,8,1.1039445994600339,0.625405769758426,-0.2177161349285197,17
工况,原水突变,GRU,8,1.1428587537336707,0.5951787821685566,-0.30507845554731605,17
工况,原水突变,MoE,8,1.1012071080655879,0.583839836471221,-0.21168439319596954,17
工况,原水突变,季节朴素,10,1.1255534586305949,0.4494117647058824,0.09488707521874706,17
工况,原水突变,机理专家,10,1.3515456582397083,0.7015385189219258,-0.30506444013399303,17
工况,原水突变,LightGBM,10,1.2995208231522155,0.6809101471964787,-0.2065268710844308,17
工况,原水突变,GRU,10,1.3488905835952585,0.6743994679871728,-0.299941949463461,17
工况,原水突变,MoE,10,1.300086404826248,0.6465639080370176,-0.20757731671213864,17
工况,原水突变,季节朴素,12,1.190274313415387,0.44941176470588234,0.028179918929862713,17
工况,原水突变,机理专家,12,1.3670987971893,0.6779511744669628,-0.2820103999553982,17
工况,原水突变,LightGBM,12,1.261406103731335,0.640405826199003,-0.09144436293712155,17
工况,原水突变,GRU,12,1.3367696357135548,0.6489026769820382,-0.22575843406441498,17
工况,原水突变,MoE,12,1.2526042400445407,0.5993039395528682,-0.07626570253106912,17
工况,矾量调整,季节朴素,2,1.3993186495315602,0.52,-1.0382718214439906,41
工况,矾量调整,机理专家,2,1.0317082616660147,0.39951136750918426,-0.10800742968819543,41
工况,矾量调整,LightGBM,2,0.9335637834082697,0.322091374653364,0.09277116178943601,41
工况,矾量调整,GRU,2,0.9885489765477812,0.42173228739965263,-0.01724423581047385,41
工况,矾量调整,MoE,2,0.9340081190137169,0.3353316745234699,0.09190735362844615,41
工况,矾量调整,季节朴素,4,1.262380639129411,0.424390243902439,0.07297548849906077,41
工况,矾量调整,机理专家,4,1.3727019784755976,0.48888658150448955,-0.09613257989568336,41
工况,矾量调整,LightGBM,4,1.2922578715499597,0.43139878052203473,0.028575752542576827,41
工况,矾量调整,GRU,4,1.3286336511596402,0.5216637373697468,-0.026883233241568938,41
工况,矾量调整,MoE,4,1.2900634542502634,0.4310620824302115,0.03187215377040997,41
工况,矾量调整,季节朴素,6,1.2563516674065116,0.435609756097561,0.09751826325025681,41
工况,矾量调整,机理专家,6,1.3827103368427476,0.4823536641157479,-0.09314657929773706,41
工况,矾量调整,LightGBM,6,1.3293995438970194,0.46551671906727626,-0.010478394006131486,41
工况,矾量调整,GRU,6,1.3482370220711994,0.502478386759758,-0.039318069761001384,41
工况,矾量调整,MoE,6,1.3157155041936437,0.43504857880313225,0.010217055933625763,41
工况,矾量调整,季节朴素,8,1.1449688460986986,0.39292682926829264,0.2102428991270756,41
工况,矾量调整,机理专家,8,1.347922604119164,0.47367461631610513,-0.09455127742458846,41
工况,矾量调整,LightGBM,8,1.3068038481132986,0.44448454552483785,-0.028790650639905824,41
工况,矾量调整,GRU,8,1.3042542239707147,0.48077133456381355,-0.02478014719817412,41
工况,矾量调整,MoE,8,1.286237168603862,0.4319431953023119,0.003337059029459799,41
工况,矾量调整,季节朴素,10,1.2275684869871426,0.4446341463414634,0.024217747439589155,41
工况,矾量调整,机理专家,10,1.3005448001057764,0.4702709469354821,-0.0952470365766529,41
工况,矾量调整,LightGBM,10,1.2722521694992837,0.4671442006907549,-0.04811238537097018,41
工况,矾量调整,GRU,10,1.2685873434205472,0.4904248316113542,-0.0420827360246514,41
工况,矾量调整,MoE,10,1.248438899772056,0.432208378722028,-0.009243677217072976,41
工况,矾量调整,季节朴素,12,1.2710126556142969,0.4634146341463415,-0.06458187762106626,41
工况,矾量调整,机理专家,12,1.2894946044297666,0.4692050780813846,-0.09576740507424453,41
工况,矾量调整,LightGBM,12,1.2194986336110025,0.4719433064857361,0.0199641666960928,41
工况,矾量调整,GRU,12,1.2196437533305502,0.4741831767413675,0.019730905282656308,41
工况,矾量调整,MoE,12,1.206554957238933,0.4389360189728621,0.04065782887581626,41
